{"cameraMode":{"drawMode":0,"name":"Shaded","section":"Shading Mode"},"sceneLighting":false,"audioPlay":false,"sceneViewState":{"showFog":true,"showMaterialUpdate":false,"showSkybox":false,"showFlares":true,"showImageEffects":true,"showParticleSystems":true},"in2DMode":false,"pivot":{"x":1.1851636171340943,"y":1.6392905712127686,"z":-1.6858084201812745},"rotation":{"x":-0.07259829342365265,"y":-0.5295766592025757,"z":0.04555009678006172,"w":-0.8439309597015381},"size":1.3077837228775025,"orthographic":false}