{"cameraMode":{"drawMode":0,"name":"Shaded","section":"Shading Mode"},"sceneLighting":false,"audioPlay":false,"sceneViewState":{"showFog":true,"showMaterialUpdate":false,"showSkybox":false,"showFlares":true,"showImageEffects":true,"showParticleSystems":true},"in2DMode":false,"pivot":{"x":14.05733871459961,"y":-1.4842360019683838,"z":8.641875267028809},"rotation":{"x":-0.06306975334882736,"y":-0.5438949465751648,"z":0.041026365011930469,"w":-0.8357927799224854},"size":10.0,"orthographic":false}